<?xml version="1.0" encoding="UTF-8"?>
<project-private xmlns="http://www.netbeans.org/ns/project-private/1">
    <editor-bookmarks xmlns="http://www.netbeans.org/ns/editor-bookmarks/2" lastBookmarkId="1">
        <file>
            <url>themes/jalencar/css/estilo.css</url>
            <bookmark id="1">
                <name/>
                <line>129</line>
                <key/>
            </bookmark>
        </file>
    </editor-bookmarks>
    <open-files xmlns="http://www.netbeans.org/ns/projectui-open-files/2">
        <group>
            <file>file:/C:/wamp/www/sala-de-leitura-teste4/themes/jalencar/css/estilo.css</file>
            <file>file:/C:/wamp/www/sala-de-leitura-teste4/themes/jalencar/index.php</file>
            <file>file:/C:/wamp/www/sala-de-leitura-teste4/_app/Conn/Create.class.php</file>
            <file>file:/C:/wamp/www/sala-de-leitura-teste4/_app/Conn/Conn.class.php</file>
            <file>file:/C:/wamp/www/sala-de-leitura-teste4/themes/jalencar/categoria.php</file>
            <file>file:/C:/wamp/www/sala-de-leitura-teste4/themes/jalencar/css/style.css</file>
            <file>file:/C:/wamp/www/sala-de-leitura-teste4/themes/jalencar/artigo.php</file>
            <file>file:/C:/wamp/www/sala-de-leitura-teste4/_app/Config.inc.php</file>
        </group>
    </open-files>
</project-private>
