<?xml version="1.0" encoding="UTF-8"?>
<project-private xmlns="http://www.netbeans.org/ns/project-private/1">
    <editor-bookmarks xmlns="http://www.netbeans.org/ns/editor-bookmarks/2" lastBookmarkId="0"/>
    <open-files xmlns="http://www.netbeans.org/ns/projectui-open-files/2">
        <group>
            <file>file:/C:/wamp/www/sala-de-leitura-teste3/_app/Models/Seo.class.php</file>
            <file>file:/C:/wamp/www/sala-de-leitura-teste3/admin/system/categories_livros/index.php</file>
            <file>file:/C:/wamp/www/sala-de-leitura-teste3/themes/jalencar/catlivro.php</file>
        </group>
    </open-files>
</project-private>
